id,name,country,ico,ic_dph,dic,municipality,postal_code,property_registration_number,street_name,vat_payer,building_number,category,created_date,last_modified_date,created_by,last_modified_by,color,image,image_content_type
1,BILLA s.r.o.,Slovensko,31347037,SK2020312503,2020312503,Bratislava - mestská časť Ružinov,82102,,Bajkalská,b'\x01',19/A,Stravovanie/null,2023-09-28 22:57:45,2023-12-08 12:52:30,1,system,,,
2,Kaufland Slovenská republika v.o.s.,Slovensko,35790164,SK2020234216,2020234216,Bratislava - mestská časť Nové Mesto,83104,,Trnavská cesta,b'\x01',41/A,Stravovanie/Potraviny,2023-09-28 22:58:10,2023-11-26 08:19:12,1,system,,,
3,"Lidl Slovenská republika, s.r.o.",Slovensko,35793783,SK2020279415,2020279415,Bratislava - mestská časť Ružinov,82102,1E,Ružinovská,b'\x01',,Stravovanie/null,2023-09-29 10:08:43,2024-03-18 11:28:02,2,7,,,
4,"SLOVNAFT, a.s.",Slovensko,31322832,SK2020372640,2020372640,Bratislava - mestská časť Ružinov,82412,1,Vlčie hrdlo,b'\x01',,Auto-moto/null,2023-09-29 11:08:00,2023-12-07 06:24:32,2,7,,,
5,"Štatistické a evidenčné vydavateľstvo tlačív,a.s.ŠEVT a.s. /skrátená verzia obchodného mena/",Slovensko,31331131,SK2020295860,2020295860,Bratislava - mestská časť Ružinov,82109,6,Plynárenská,b'\x01',,Zábava a oddych/null,2023-11-24 21:17:45,2023-11-29 18:15:42,7,7,,,
6,Peek & Cloppenburg s.r.o.,Slovensko,35821272,SK2021596159,2021596159,Bratislava - mestská časť Nové Mesto,83103,1,Jarošova,b'\x01',,Oblečenie a obuv/null,2023-11-27 11:23:57,2023-11-27 11:24:03,1,1,,,
7,"BENU SK 43, s. r. o.",Slovensko,47470615,SK7020000350,2023904135,Bratislava - mestská časť Rača,83104,,Pribylinská,b'\x01',2/A,Zdravie a osobná starostlivosť/null,2023-11-27 19:26:50,2023-11-27 19:30:27,1,1,,,
8,Test,,123,,,,,,,,,,2023-12-01 01:04:17,2023-12-01 01:04:17,1,1,,,
9,"FINAL - CD plus, s.r.o.",Slovensko,47741686,SK2024080971,2024080971,Partizánske,95801,437,Škultétyho,b'\x01',18,Auto-moto/null,2023-12-01 08:24:02,2023-12-01 08:24:04,7,7,,,
10,"ALLTOYS, spol. s r.o.",Slovensko,31569323,SK2020466987,2020466987,Prievidza,97101,13A,Ciglianska cesta,b'\x01',,Zábava a oddych/null,2023-12-01 08:43:23,2024-11-04 07:49:24,7,7,,,
11,"ASIAN SKY, s.r.o.",Slovensko,35943947,SK2022107043,2022107043,Bratislava - mestská časť Ružinov,82104,16,Ivanská cesta,b'\x01',,Stravovanie/null,2023-12-01 08:44:17,2023-12-01 08:44:19,7,7,,,
12,1. DENTÁLNE CENTRUM s. r. o.,Slovensko,46206965,,2023286452,Bratislava - mestská časť Petržalka,85102,,Ambroseho,b'\x00',12,Zdravie a osobná starostlivosť/null,2023-12-01 08:44:30,2023-12-01 08:44:34,7,7,,,
13,Dr.MAGNET s.r.o.,Slovensko,36553204,SK2021737322,2021737322,Komárno,94501,3862,Novozámocká cesta,b'\x01',2,Zdravie a osobná starostlivosť/null,2023-12-01 08:44:38,2023-12-01 08:44:41,7,7,,,
14,"3S DENT, s. r. o.",Slovensko,44431198,,2022705586,Bratislava - mestská časť Staré Mesto,81109,7,Klemensova,b'\x00',,Zdravie a osobná starostlivosť/null,2023-12-01 08:44:49,2023-12-01 08:44:53,7,7,,,
15,Patient Management Services s. r. o.,Slovensko,52967271,SK2121288488,2121288488,Bratislava - mestská časť Staré Mesto,81107,27,Radlinského,b'\x01',,Zdravie a osobná starostlivosť/null,2023-12-04 14:06:07,2023-12-04 14:06:09,7,7,,,
16,"dm drogerie markt, s.r.o.",Slovensko,31393781,SK2020354534,2020354534,Bratislava - mestská časť Rača,83106,18,Na pántoch,b'\x01',,Zdravie a osobná starostlivosť/null,2023-12-06 19:32:58,2023-12-06 19:33:03,7,7,,,
17,"Tesco Franchise Stores SR, s. r. o.",Slovensko,53044061,SK2121237085,2121237085,Trnava,91701,7310,Veterná,b'\x01',40,Stravovanie/null,2023-12-06 19:33:22,2024-01-12 08:06:30,7,7,,,
18,"DALITRANS, s.r.o.",Slovensko,36298883,SK2020174706,2020174706,Veľké Bierovce,91311,266,Veľké Bierovce,b'\x01',,Auto-moto/null,2023-12-06 19:33:34,2023-12-06 19:33:36,7,7,,,
19,EFLEK s. r. o.,Slovensko,47205083,SK2023803452,2023803452,Bratislava - mestská časť Dúbravka,84102,2626,Plachého,b'\x01',1,Zdravie a osobná starostlivosť/null,2023-12-06 19:35:52,2023-12-06 19:35:58,7,7,,,
20,EMKAR market s.r.o.,Slovensko,35795638,SK2020257448,2020257448,Bratislava - mestská časť Ružinov,82109,11,Dulovo nám.,b'\x01',,Stravovanie/null,2023-12-06 19:36:37,2023-12-07 06:28:52,7,7,,,
21,"SANSIL, s. r. o.",Slovensko,54602564,SK2121753667,2121753667,Bratislava - mestská časť Petržalka,85101,50,Rusovská cesta,b'\x00',,,2023-12-06 19:36:47,2023-12-06 19:36:47,7,7,,,
22,"COOP Jednota Nové Zámky, spotrebné družstvo",Slovensko,00168882,SK2020401262,2020401262,Nové Zámky,94049,6,Hlavné nám.,b'\x01',,Stravovanie/null,2023-12-06 19:39:39,2023-12-06 20:08:27,7,7,,,
23,"Inditex Slovakia, s. r. o.",Slovensko,36779644,SK2022395078,2022395078,Bratislava - mestská časť Petržalka,85101,18,Einsteinova,b'\x01',,Oblečenie a obuv/null,2023-12-06 19:41:31,2023-12-06 19:41:48,7,7,,,
24,"CCC Slovakia, s. r. o.",Slovensko,46509500,SK2023414492,2023414492,Bratislava - mestská časť Ružinov,82104,16,Ivanská cesta,b'\x01',,Oblečenie a obuv/null,2023-12-06 19:41:56,2023-12-07 15:24:52,7,7,,,
25,"Fertucha, s. r. o.",Slovensko,47812745,SK2024111177,2024111177,Bratislava - mestská časť Ružinov,82104,16649,Pri strelnici,b'\x01',3,Stravovanie/null,2023-12-06 19:42:14,2023-12-06 19:42:16,7,7,,,
26,"BENU SK 61, s.r.o.",Slovensko,50201638,SK7020000350,2120240265,Bratislava - mestská časť Rača,83104,2,Pribylinská,b'\x01',A,Zdravie a osobná starostlivosť/null,2023-12-06 19:44:18,2023-12-06 19:44:23,7,7,,,
27,"BAGPIPERS, s. r. o.",Slovensko,51286955,SK2120669969,2120669969,Bratislava - mestská časť Ružinov,82105,1569,Sinokvetná,b'\x01',21,Oblečenie a obuv/null,2023-12-06 19:44:31,2023-12-06 19:44:45,7,7,,,
28,Leder & Schuh SK spol. s r.o.,Slovensko,35832932,SK2020215912,2020215912,Bratislava - mestská časť Petržalka,85101,18,Einsteinova,b'\x01',,Oblečenie a obuv/null,2023-12-06 19:44:51,2023-12-06 19:48:04,7,7,,,
29,ForCamping,,24295825,,,,,,,,,,2023-12-06 19:46:52,2023-12-06 19:46:52,7,7,,,
30,ŠmakNinka s. r. o.,Slovensko,45670285,SK2023076539,2023076539,Borinka,90032,266,Borinka,b'\x01',,Stravovanie/null,2023-12-06 19:47:29,2023-12-06 19:47:31,7,7,,,
31,Pub Carla s.r.o.,Slovensko,53511794,SK2121404065,2121404065,Bratislava - mestská časť Petržalka,85104,,Ovsištské námestie,b'\x01',1,Stravovanie/null,2023-12-06 19:49:24,2023-12-06 19:49:31,7,7,,,
32,Pirex Slovakia s. r .o.,Slovensko,46640223,SK2023526494,2023526494,Bratislava - mestská časť Ružinov,82108,6,Metodova,b'\x01',,Zábava a oddych/null,2023-12-06 19:49:54,2023-12-06 19:50:03,7,7,,,
33,CARDIF s.r.o.,Slovensko,46625429,SK2023482802,2023482802,Banská Bystrica,97401,296,Horná Strieborná,b'\x01',16,Auto-moto/null,2023-12-06 19:50:22,2023-12-06 19:50:31,7,7,,,
34,Radovan Baránek,Slovensko,46104267,SK1083409855,1083409855,Šaštín-Stráže,90841,1104,Slnečná,b'\x01',,Bývanie a energie/null,2023-12-06 19:50:42,2023-12-06 19:50:52,7,7,,,
35,"EUROPHARMA, s. r. o.",Slovensko,35838841,SK7120000195,2020287500,Košice - mestská časť Juh,04011,8,Moldavská cesta,b'\x01',A,Zdravie a osobná starostlivosť/null,2023-12-06 19:51:13,2023-12-06 19:51:24,7,7,,,
36,Slovenské národné divadlo,Slovensko,00164763,SK2020829954,2020829954,Bratislava - mestská časť Staré Mesto,81901,7272,Pribinova,b'\x01',17,Zábava a oddych/null,2023-12-06 19:52:34,2023-12-06 19:52:50,7,7,,,
37,Tomáš Haba - Rozličný tovar,Slovensko,17651981,SK1020292548,1084070878,Štefanov,90645,343,Štefanov,b'\x00',,Stravovanie/null,2023-12-06 19:53:02,2023-12-07 15:26:24,7,7,,,
38,WANI s.r.o.,Slovensko,52746615,SK2121219243,2121219243,Borský Mikuláš,90877,1654,Na Výhone,b'\x01',,Bývanie a energie/null,2023-12-06 19:53:33,2023-12-06 19:53:39,7,7,,,
39,"OMV Slovensko, s.r.o.",Slovensko,00604381,SK2020491407,2020491407,Bratislava - mestská časť Petržalka,85101,25,Einsteinova,b'\x01',,Auto-moto/null,2023-12-06 19:53:59,2023-12-06 19:54:01,7,7,,,
40,Tibor Varga TSV Papier,Slovensko,32627211,SK1020577811,1020577811,Lučenec,98401,80,Ulica Vajanského,b'\x01',,Zábava a oddych/null,2023-12-06 19:59:02,2023-12-06 19:59:09,7,7,,,
41,"TESCO STORES SR, a.s.",Slovensko,31321828,SK7020000317,2020301140,Bratislava - mestská časť Ružinov,82104,2,Cesta na Senec,b'\x01',,Stravovanie/null,2023-12-06 19:59:29,2023-12-06 19:59:31,7,7,,,
42,"ALNIST, s. r. o.",Slovensko,46185810,SK2023277289,2023277289,Vlky,90044,34,Vlky,b'\x01',,Zdravie a osobná starostlivosť/null,2023-12-06 19:59:45,2023-12-06 20:00:02,7,7,,,
43,"PROTETIKA, a.s.",Slovensko,31322859,SK2020494652,2020494652,Bratislava - mestská časť Nové Mesto,82365,10,Bojnická,b'\x01',,,2023-12-06 20:00:50,2023-12-06 20:00:50,7,7,,,
44,KOTVIČKA s.r.o.,Slovensko,46027955,SK2023189454,2023189454,Senica,90501,1371,Kolónia,b'\x01',82,Stravovanie/null,2023-12-06 20:01:36,2023-12-06 20:01:38,7,7,,,
45,"ALBI, s.r.o.",Slovensko,36008303,SK2020451268,2020451268,Žilina,01001,8557,Oravská ulica,b'\x01',22,Zábava a oddych/null,2023-12-06 20:01:45,2023-12-06 20:01:49,7,7,,,
46,Cinema City Slovakia s. r. o.,Slovensko,44066490,SK2022566953,2022566953,Bratislava - mestská časť Petržalka,85101,20,Einsteinova,b'\x01',,Zábava a oddych/Zábava,2023-12-06 20:02:34,2024-09-17 19:20:20,7,system,,,
47,HORNBACH - Baumarkt SK spol. s r.o.,Slovensko,35838949,SK2020262684,2020262684,Bratislava - mestská časť Ružinov,82104,9,Galvaniho,b'\x01',,Bývanie a energie/null,2023-12-06 20:03:42,2023-12-06 20:03:44,7,7,,,
48,Pepco Slovakia s. r. o.,Slovensko,46868674,SK2023626858,2023626858,Bratislava - mestská časť Ružinov,82101,6,Nevädzová,b'\x01',,Oblečenie a obuv/null,2023-12-06 20:07:18,2023-12-06 20:07:20,7,7,,,
49,"STAVCENTRUM A-Z, s.r.o.",Slovensko,36358657,SK2022179654,2022179654,Šaštín-Stráže,90841,495,M.R. Štefánika,b'\x01',,Bývanie a energie/null,2023-12-06 20:08:13,2023-12-06 20:08:15,7,7,,,
50,"MEDICÍNSKE ZARIADENIE MLYNSKÁ DOLINA, s. r. o.",Slovensko,47236311,,2023388532,Bratislava - mestská časť Karlova Ves,84104,56,Staré grunty,b'\x00',,Zdravie a osobná starostlivosť/Lekári a nemocnice,2023-12-06 20:08:32,2024-11-04 19:21:04,7,system,,,
51,"Dráčik DIVI, s. r. o.",Slovensko,46118985,SK2023271261,2023271261,Bratislava - mestská časť Staré Mesto,81109,13,Gajova,b'\x01',,Zábava a oddych/null,2023-12-06 20:08:41,2023-12-06 20:08:43,7,7,,,
52,"Cipele, s.r.o.",Slovensko,36688771,SK2022264145,2022264145,Kráľová pri Senci,90050,7,Krmešská,b'\x01',7,Oblečenie a obuv/null,2023-12-06 20:10:11,2024-09-17 17:47:21,7,7,,,
53,FF1 s. r. o.,Slovensko,52422691,SK2121019692,2121019692,Košice - mestská časť Juh,04001,430,Mäsiarska,b'\x01',8,Stravovanie/null,2023-12-06 20:11:23,2023-12-06 20:11:34,7,7,,,
54,"Bio - Slnečnica, s. r. o.",Slovensko,44511787,SK2022726299,2022726299,Bratislava - mestská časť Ružinov,82108,32-36,Velehradská,b'\x01',,Stravovanie/null,2023-12-06 20:13:59,2023-12-06 20:14:01,7,7,,,
55,"BENU Páričkova, s.r.o.",Slovensko,51862107,SK2120820108,2120820108,Bratislava - mestská časť Vrakuňa,82107,19,Begóniová,b'\x01',,Zdravie a osobná starostlivosť/null,2023-12-06 20:16:44,2023-12-06 20:16:45,7,7,,,
56,Slovenský potravinársky priemysel a.s.,Slovensko,47793155,SK2024133650,2024133650,Bratislava - mestská časť Nové Mesto,83104,46A,Tomášikova,b'\x01',,Stravovanie/null,2023-12-06 20:17:38,2023-12-06 20:17:44,7,7,,,
57,Omrvinka s. r. o.,Slovensko,46563075,SK7120000195,2023466269,Košice - mestská časť Západ,04011,8,Moldavská cesta,b'\x01',A,Zdravie a osobná starostlivosť/null,2023-12-06 20:18:28,2023-12-06 20:18:44,7,7,,,
58,"Vesnala 1, s. r. o.",Slovensko,44939094,SK2022924574,2022924574,Bratislava - mestská časť Staré Mesto,81102,,Drotárska cesta,b'\x01',19B,Zdravie a osobná starostlivosť/null,2023-12-06 20:18:54,2024-09-17 17:25:12,7,7,,,
59,"Medusa Restaurants, a.s.",Slovensko,35849592,SK2020239463,2020239463,Bratislava - mestská časť Ružinov,82108,3,Súťažná,b'\x01',,Stravovanie/Reštaurácie a kaviarne,2023-12-06 20:44:00,2024-11-04 19:21:04,7,system,,,
60,RMZ Group,,54851335,,,,,,,,,,2023-12-06 20:45:04,2023-12-06 20:45:04,7,7,,,
61,Bohdal,,47410531,,,,,,,,,,2023-12-06 20:49:40,2023-12-06 20:49:40,7,7,,,
62,Saba Parking,,35844256,,,,,,,,,,2023-12-06 20:50:30,2023-12-06 20:50:30,7,7,,,
63,Parking Kramare,,44120435,,,,,,,,,,2023-12-06 20:51:12,2023-12-06 20:51:12,7,7,,,
64,Dušan Záhorský - LU&D&KU-Z,Slovensko,51109352,SK1072222679,1072222679,Košice-Pereš,04011,702,Krompašská,b'\x01',107A,Bývanie a energie/null,2023-12-07 06:27:04,2023-12-07 06:27:13,7,7,,,
65,DENBEN s. r. o.,Slovensko,54596149,SK2121743723,2121743723,Bratislava - m. č. Podunajské Biskupice,82106,12484,Podunajská,b'\x01',31,Zábava a oddych/null,2023-12-07 06:29:15,2023-12-07 06:29:23,7,7,,,
66,"BISTRO, s. r. o.",Slovensko,45951632,SK2023155904,2023155904,Bratislava - mestská časť Ružinov,82104,3570,Kopanice,b'\x01',6,Stravovanie/null,2023-12-07 15:03:11,2023-12-07 15:03:18,7,7,,,
67,"WAGON SLOVAKIA KOŠICE, a.s.",Slovensko,31714854,SK7120001801,2020483872,Košice - mestská časť Staré Mesto,04001,13,Bencúrova,b'\x01',,Stravovanie/Reštaurácie a kaviarne,2023-12-07 15:06:22,2024-06-30 19:19:15,7,system,,,
68,MPK Toys,,36319252,,,,,,,,,,2023-12-07 15:10:05,2023-12-07 15:10:05,7,7,,,
69,"Taormina, s.r.o.",Slovensko,36722006,SK2022295385,2022295385,Košice - mestská časť Juh,04001,4,Krivá,b'\x01',1041,Stravovanie/null,2023-12-07 15:10:44,2023-12-07 15:10:51,7,7,,,
70,Bohdal RAJ s. r. o.,Slovensko,53524101,SK2121404890,2121404890,Bratislava - mestská časť Nové Mesto,83101,1,Limbová,b'\x01',,Auto-moto/null,2023-12-07 15:12:34,2023-12-07 15:12:45,7,7,,,
71,"artBOX, s.r.o.",Slovensko,47147555,SK2023790032,2023790032,Bratislava - mestská časť Nové Mesto,83102,13152,Račianska,b'\x01',69B,Stravovanie/null,2023-12-07 15:19:17,2023-12-07 15:19:40,7,7,,,
72,DEWITT s.r.o.,Slovensko,51850796,SK2120833561,2120833561,Malacky,90101,30,Pezinská,b'\x01',,Stravovanie/null,2023-12-07 15:20:44,2023-12-07 15:20:48,7,7,,,
73,BENAF s.r.o.,Slovensko,44323484,SK2022668296,2022668296,Borský Mikuláš,90877,183,Sadová,b'\x01',84,Auto-moto/null,2023-12-07 15:21:02,2023-12-07 15:21:07,7,7,,,
74,"C&B BANG Tofu, s. r. o.",Slovensko,51734150,SK2120774029,2120774029,Bratislava - mestská časť Ružinov,82109,,Mliekárenská,b'\x01',3,Stravovanie/null,2023-12-07 15:21:24,2023-12-07 15:21:30,7,7,,,
75,Decathlon SK s. r. o.,Slovensko,47658827,SK2024047542,2024047542,Bratislava - mestská časť Ružinov,82104,,Pri letisku,b'\x01',2,Zábava a oddych/null,2023-12-07 15:24:01,2023-12-07 15:24:21,7,7,,,
76,MALINA potraviny s. r. o.,Slovensko,54827248,SK2121797051,2121797051,Levice,93401,2894,Švédska,b'\x00',1,Stravovanie/null,2023-12-07 15:25:23,2023-12-07 15:25:26,7,7,,,
77,"MOTEL GASTRO, s.r.o.",Slovensko,51340232,,2120680034,Topoľčany,95501,2070,Bernolákova,b'\x00',,Cestovanie/null,2023-12-07 15:25:57,2023-12-07 15:26:14,7,7,,,
78,Správa telovýchovných a rekreačných zariadení hlavného mesta SR Bratislavy,Slovensko,00179663,SK2020801695,2020801695,Bratislava - mestská časť Nové Mesto,83104,4,Junácka,b'\x01',,Zábava a oddych/null,2023-12-07 15:26:30,2023-12-07 15:26:46,7,7,,,
79,Xuan Duc Do -DHY,Slovensko,53570472,SK3120808955,3120808955,Štefanov,90645,64,Štefanov,b'\x01',,Stravovanie/null,2023-12-07 15:28:39,2023-12-08 09:10:09,7,7,,,
80,"DANUBIANA - Centrum moderného umenia, n. o.",Slovensko,45737932,SK2023478259,2023478259,Bratislava - mestská časť Rusovce,85110,1632,Hadriánova,b'\x01',2,Zábava a oddych/null,2023-12-07 15:29:42,2023-12-07 15:29:48,7,7,,,
81,"Husacina Galik, s.r.o.",Slovensko,50983105,SK2120563181,2120563181,Slovenský Grob,90026,21,Lipová,b'\x01',,,2023-12-07 15:31:09,2023-12-07 15:31:09,7,7,,,
82,"Ritterstein, s. r. o.",Slovensko,51043289,SK2120570529,2120570529,Nitra,94901,26,Hodžova,b'\x01',,,2023-12-07 15:32:12,2023-12-07 15:32:12,7,7,,,
83,Barmis s. r. o.,Slovensko,52975576,SK2121241529,2121241529,Bratislava - mestská časť Rača,83106,5,Barónka,b'\x01',,Stravovanie/null,2023-12-07 15:32:54,2023-12-07 15:33:00,7,7,,,
84,"JUVIK, s. r. o.",Slovensko,44895402,SK2022862754,2022862754,Bratislava - mestská časť Ružinov,82108,5,Dulovo námestie,b'\x01',A,Stravovanie/null,2023-12-07 15:34:29,2023-12-07 15:34:35,7,7,,,
85,"ELEZI, s.r.o.",Slovensko,48207306,SK2120088707,2120088707,Bratislava - mestská časť Vajnory,83107,9253,Roľnícka,b'\x01',51,Stravovanie/null,2023-12-07 15:35:04,2023-12-07 15:35:08,7,7,,,
86,"GHT, s.r.o.",Slovensko,35849452,SK2021698778,2021698778,Bratislava - mestská časť Petržalka,85103,2603,Mlynarovičova,b'\x01',22,Zábava a oddych/Záľuby a šport,2023-12-07 15:35:40,2024-11-04 19:21:04,7,system,,,
87,"ARW, s.r.o.",Slovensko,43801943,SK2022478744,2022478744,Dunajská Streda,92901,658,Galantská cesta,b'\x01',,Stravovanie/null,2023-12-07 15:36:04,2023-12-07 15:36:08,7,7,,,
88,ARNB SK s.r.o.,Slovensko,35905352,SK2021894435,2021894435,Bratislava - mestská časť Rača,83106,10,Karpatské námestie,b'\x01',A,Stravovanie/null,2023-12-07 15:36:22,2024-04-26 06:27:10,7,7,,,
89,Arriba,,35712066,,,,,,,,,,2023-12-07 15:38:32,2023-12-07 15:38:32,7,7,,,
90,Šafko s .r.o.,Slovensko,52732380,SK2121148986,2121148986,Bratislava - mestská časť Staré Mesto,81103,2,Suché Mýto,b'\x01',,Stravovanie/null,2023-12-08 09:13:22,2023-12-08 09:13:26,7,7,,,
91,fiftyfifty s. r. o.,Slovensko,44879741,SK2022861621,2022861621,Bratislava - mestská časť Nové Mesto,83103,580,Matičná,b'\x01',7,,2023-12-08 09:13:34,2023-12-08 09:13:34,7,7,,,
92,"ORAVA - STAV, s.r.o.",Slovensko,35785357,SK2020277864,2020277864,Bratislava - mestská časť Staré Mesto,81106,62,Obchodná,b'\x01',,Stravovanie/null,2023-12-08 09:13:49,2024-02-23 11:37:03,7,7,,,
93,Tomáš Haba - Rozličný tovar,Slovensko,17651981,SK1020292548,1084070878,Štefanov,90645,363,Štefanov,b'\x00',,,2023-12-08 09:15:16,2023-12-08 09:15:16,7,7,,,
94,Tomáš Haba - Rozličný tovar,Slovensko,17651981,SK1020292548,1084070878,Štefanov,90645,363,Štefanov,b'\x00',,,2023-12-08 09:15:28,2023-12-08 09:15:28,7,7,,,
95,Tomáš Haba - Rozličný tovar,Slovensko,17651981,SK1020292548,1084070878,Štefanov,90645,363,Štefanov,b'\x00',,,2023-12-08 09:15:37,2023-12-08 09:15:37,7,7,,,
96,Leberko s.r.o.,Slovensko,53691181,SK2121474344,2121474344,Bratislava - mestská časť Ružinov,82101,788,Muškátová,b'\x01',4,Stravovanie/Reštaurácie a kaviarne,2023-12-08 09:18:04,2024-06-21 19:19:07,7,system,,,
97,CALZEDONIA SLOVAK s. r. o.,Slovensko,44614004,SK2022782575,2022782575,Bratislava - mestská časť Ružinov,82109,,Mlynské nivy,b'\x01',5,Oblečenie a obuv/Móda,2023-12-08 09:19:34,2024-11-04 19:21:04,7,system,,,
98,Eventissimi s. r. o.,Slovensko,46883673,SK2023643050,2023643050,Bratislava - mestská časť Nové Mesto,83102,29,Račianska,b'\x01',,Stravovanie/Reštaurácie a kaviarne,2023-12-08 09:21:48,2024-09-17 19:20:20,7,system,,,
99,Anton Orban,,32069006,,,,,,,,,,2023-12-08 09:24:06,2023-12-08 09:24:06,7,7,,,
100,"INFINITY team, s.r.o.",Slovensko,36563323,SK2021867650,2021867650,Podlužany,93527,1,Podlužany,b'\x01',,Bývanie a energie/null,2023-12-08 09:28:57,2023-12-08 09:29:46,7,7,,,
101,"WAD, s.r.o.",Slovensko,36751073,SK2022366478,2022366478,Bratislava - mestská časť Dúbravka,84101,15,Štepná,b'\x01',,Zábava a oddych/null,2023-12-08 09:29:57,2023-12-08 09:30:19,7,7,,,
102,Alza,,27082440,,,,,,,,,,2023-12-10 11:24:23,2023-12-10 11:24:23,7,7,,,
103,Medicka,,46803327,,,,,,,,,,2023-12-10 11:26:12,2023-12-10 11:26:12,7,7,,,
104,"Slovenská plavba a prístavy - lodná osobná doprava, a.s.",Slovensko,35839228,SK2020262442,2020262442,Bratislava - mestská časť Staré Mesto,81102,2,Fajnorovo nábrežie,b'\x01',,,2023-12-10 11:29:02,2023-12-10 11:29:02,7,7,,,
105,Bufet u Misky,,53848756,,,,,,,,,,2023-12-10 11:34:31,2023-12-10 11:34:31,7,7,,,
106,PAG investment s.r.o.,Slovensko,47365579,,2023852501,Bratislava - mestská časť Petržalka,85103,6a,Nám. Hraničiarov,b'\x00',,Oblečenie a obuv/null,2023-12-12 07:27:27,2023-12-12 07:34:45,7,7,,,
107,"LPP Slovakia, s.r.o.",Slovensko,36787507,SK2022386729,2022386729,Banská Bystrica,97401,9,Janka Kráľa,b'\x01',,Oblečenie a obuv/null,2023-12-12 07:28:24,2024-01-30 08:53:16,7,7,,,
108,"Ptáček - veľkoobchod, a. s.",Slovensko,35814586,SK2020202294,2020202294,Bratislava - mestská časť Nové Mesto,83104,140,Vajnorská,b'\x01',,Bývanie a energie/null,2023-12-12 07:30:18,2023-12-12 07:30:26,7,7,,,
109,decoLED SK s.r.o.,Slovensko,46279792,SK2023310322,2023310322,Bratislava - mestská časť Rača,83106,10A,Karpatské námestie,b'\x01',,Zábava a oddych/null,2023-12-12 07:30:50,2023-12-12 12:52:32,7,system,,,
110,Loupol s. r. o.,Slovensko,52670104,SK2121135841,2121135841,Dunajská Lužná,90042,,Školská,b'\x01',90,Stravovanie/null,2023-12-12 07:35:06,2023-12-12 07:35:17,7,7,,,
111,Lindex Slovakia s.r.o.,Slovensko,36811271,SK2022428474,2022428474,Bratislava - mestská časť Staré Mesto,81101,129,Gorkého,b'\x01',10,Oblečenie a obuv/null,2023-12-12 07:36:34,2023-12-12 07:36:41,7,7,,,
112,"JUMP Park Senica, s. r. o.",Slovensko,52983005,SK2121329265,2121329265,Bratislava - mestská časť Staré Mesto,81101,14,Michalská,b'\x01',,Zábava a oddych/null,2023-12-12 07:38:26,2023-12-12 07:38:32,7,7,,,
113,Eva Ladzianska - F.O.T.,Slovensko,43196632,SK1024882793,1024882793,Bratislava - mestská časť Staré Mesto,81108,19,Heydukova,b'\x01',,Stravovanie/null,2023-12-20 08:22:36,2023-12-20 08:22:41,7,7,,,
114,CORK GROUP s. r. o.,Slovensko,50651439,SK2120420181,2120420181,Bratislava - mestská časť Staré Mesto,81101,,Panská,b'\x01',4,,2023-12-20 08:22:56,2023-12-20 08:22:56,7,7,,,
115,FABKA s.r.o.,Slovensko,50187317,SK2120234204,2120234204,Bratislava - mestská časť Ružinov,82108,10,Dohnányho,b'\x01',,Bývanie a energie/null,2023-12-20 08:23:04,2023-12-20 08:23:10,7,7,,,
116,Renata Hermysova,,11695137,,,,,,,,,,2023-12-20 08:25:03,2023-12-20 08:25:03,7,7,,,
117,MEDIAPRESS Bratislava spol. s r.o.,Slovensko,31384421,SK2020354006,2020354006,Bratislava - mestská časť Nové Mesto,83104,9,Stará Vajnorská,b'\x01',,Zábava a oddych/null,2023-12-20 08:25:54,2023-12-20 08:26:03,7,7,,,
118,"VM 8, s. r. o.",Slovensko,54917182,SK2121817214,2121817214,Bratislava - mestská časť Rača,83106,,Pri šajbách,b'\x00',1,,2023-12-20 08:26:56,2023-12-20 08:26:56,7,7,,,
119,JYSK s.r.o.,Slovensko,35974133,SK2022117900,2022117900,Bratislava - mestská časť Staré Mesto,81108,14,Šoltésovej,b'\x01',,Bývanie a energie/null,2023-12-20 08:27:24,2023-12-20 08:27:26,7,7,,,
120,PANO3D s. r. o.,Slovensko,46486755,,2023479304,Bratislava - mestská časť Petržalka,85104,,Bulíkova,b'\x00',21,Stravovanie/null,2023-12-20 08:28:04,2023-12-20 08:28:05,7,7,,,
121,DANUBIUS spol. s r.o.,Slovensko,17643732,SK2020398545,2020398545,Bratislava - mestská časť Karlova Ves,84105,4,Albína Brunovského,b'\x01',,Stravovanie/Potraviny,2024-01-11 14:22:58,2024-05-14 19:18:39,5,system,,,
122,"AGRAX, spol. s r.o.",Slovensko,36230332,SK2020191624,2020191624,Sládkovičovo,92521,1364,Košútska,b'\x01',,Stravovanie/Potraviny,2024-01-11 14:23:11,2024-07-19 07:19:28,5,system,,,
123,GINO FOOD & BEVERAGE CORPORATION s. r. o.,Slovensko,46591265,SK2023584651,2023584651,Bratislava - mestská časť Staré Mesto,81109,,Pribinova,b'\x01',18,Stravovanie/null,2024-01-12 11:15:19,2024-01-12 11:15:21,7,7,,,
124,TERNO real estate s.r.o.,Slovensko,50020188,SK2120151011,2120151011,Bratislava - mestská časť Petržalka,85101,,Bratská,b'\x01',3,Stravovanie/Potraviny,2024-01-18 20:20:01,2024-07-22 07:19:30,5,system,,,
125,"CUREL,spol. s r.o.",Slovensko,17318785,SK2020291911,2020291911,Bratislava - mestská časť Ružinov,82101,24,Tomášikova,b'\x01',,Zábava a oddych/null,2024-01-18 20:23:05,2024-02-23 11:33:13,5,7,,,
126,Eva Mészárosová Kvety vence,Slovensko,46434241,,1036000933,Nová Dedinka,90029,256,1.mája,b'\x00',10,,2024-01-18 20:33:00,2024-01-18 20:33:00,5,5,,,
127,"DOMPOT, s.r.o.",Slovensko,47914513,SK2024138710,2024138710,Nové Zámky,94002,4075,Podzámska,b'\x01',23,,2024-01-18 20:34:41,2024-01-18 20:34:41,5,5,,,
128,AGROJÁN s.r.o.,Slovensko,44384084,SK2022686677,2022686677,Nová Baňa,96801,52,Viničná cesta,b'\x01',,,2024-01-21 19:58:55,2024-01-21 19:58:55,5,5,,,
129,LAMA PLUS s.r.o.,Slovensko,36615161,SK2022216999,2022216999,Bratislava - mestská časť Nové Mesto,83104,50,Tomášikova,b'\x01',C,Zdravie a osobná starostlivosť/Lieky a zdravotná starostlivosť,2024-01-24 19:27:35,2024-07-09 19:19:20,5,system,,,
130,Mária Filipčíková,Slovensko,40333655,SK1070729319,1070729319,Šoporňa,92552,1602,Šoporňa,b'\x01',,Ostatné výdavky/null,2024-01-26 13:49:56,2024-01-26 13:50:16,13,13,,,
131,"Martin Švec, s. r. o.",Slovensko,46821180,SK2023623690,2023623690,Nitra,94901,4,Vihorlatská,b'\x01',,,2024-01-26 13:52:15,2024-01-26 13:52:15,13,13,,,
132,"Pide, s. r. o.",Slovensko,50634771,SK2120402636,2120402636,Bratislava - mestská časť Staré Mesto,81101,17,Hradné údolie,b'\x01',,Stravovanie/Reštaurácie a kaviarne,2024-01-26 13:56:29,2024-01-27 00:52:58,13,system,,,
133,KiK textil a Non-Food spol. s r. o.,Slovensko,43991599,SK2022540663,2022540663,Bratislava - mestská časť Staré Mesto,81103,6,Panenská,b'\x01',,,2024-01-26 19:41:53,2024-01-26 19:41:53,5,5,,,
134,"Martinus, s.r.o.",Slovensko,45503249,SK2023008911,2023008911,Martin,03601,4,Gorkého,b'\x01',,Zábava a oddych/Knihy a tlač,2024-01-30 08:52:47,2024-09-30 19:20:31,7,system,,,
135,Svitlana Matúšová - FIALKA,Slovensko,41997255,SK1048405050,1048405050,Svätý Jur,90021,41,Bratislavská,b'\x01',33,,2024-01-30 09:43:29,2024-01-30 09:43:29,7,7,,,
136,ORION TRADE s.r.o.,Slovensko,36540773,SK2020190766,2020190766,Senec,90301,30,Pezinská cesta,b'\x01',,Stravovanie/null,2024-01-30 09:43:42,2024-02-06 12:53:05,7,system,,,
137,Jozef Badánik - BADAS,Slovensko,14175401,SK1020483893,1020483893,Ružomberok,03403,.,parc.č. 14798/1,b'\x01',.,,2024-01-30 09:45:52,2024-01-30 09:45:52,7,7,,,
138,AH-Slovakia,,36702234,,,,,,,,,,2024-01-30 09:56:04,2024-01-30 09:56:04,7,7,,,
139,"IKEA Bratislava, s.r.o.",Slovensko,35849436,SK2020248538,2020248538,Bratislava - mestská časť Ružinov,82104,18,Ivanská cesta,b'\x01',,Bývanie a energie/null,2024-01-31 11:50:30,2024-01-31 11:50:32,7,7,,,
140,Shoebox Slovakia s. r. o.,Slovensko,43836666,SK2022486290,2022486290,Bratislava - mestská časť Staré Mesto,81109,,Pribinova,b'\x01',8,,2024-01-31 20:32:04,2024-02-02 00:53:02,16,system,,,
141,"PhDr. Gabriela Augustínová, s.r.o.",Slovensko,51894688,SK2120853196,2120853196,Sládkovičovo,92521,1914,Devátova,b'\x01',89,Zdravie a osobná starostlivosť/null,2024-02-01 13:31:07,2024-02-01 13:31:34,21,21,,,
142,CEWE a. s.,Slovensko,31395937,SK2020349034,2020349034,Bratislava - mestská časť Ružinov,82104,,Galvaniho,b'\x01',7/B,Ostatné výdavky/null,2024-02-01 13:38:39,2024-02-01 13:39:01,21,21,,,
143,MAJA SK s. r. o.,Slovensko,46145281,SK2023260184,2023260184,Bratislava - mestská časť Staré Mesto,81101,17,Hradné údolie,b'\x01',,Stravovanie/Potraviny,2024-02-01 16:49:25,2024-02-02 00:53:02,16,system,,,
144,"COOP Jednota Galanta, spotrebné družstvo",Slovensko,00168840,SK2020372343,2020372343,Galanta,92414,953,Revolučná štvrť,b'\x01',,,2024-02-02 12:35:19,2024-02-02 12:35:19,5,5,,,
145,Harol s. r. o.,Slovensko,52015696,SK2120867551,2120867551,Bratislava - mestská časť Petržalka,85103,1611,Lachova,b'\x01',37,Stravovanie/null,2024-02-07 08:35:13,2024-02-07 08:35:18,19,19,,,
146,Svet nápojov s.r.o.,Slovensko,48067571,SK2120049448,2120049448,Trstená,02801,615,Oravická,b'\x01',,Ostatné výdavky/Darčeky,2024-02-08 19:54:07,2024-02-09 00:53:06,12,system,,,
147,Drab s.r.o.,Slovensko,55248691,SK2121911781,2121911781,Bernolákovo,90027,1699,Trnavská,b'\x00',13,Ostatné výdavky/null,2024-02-13 07:23:10,2024-02-13 07:23:22,19,19,,,
148,Dr.Max 179 s.r.o.,Slovensko,52041981,SK7120000195,2120885580,Košice - mestská časť Juh,04011,8,Moldavská cesta,b'\x01',A,Zdravie a osobná starostlivosť/null,2024-02-21 13:02:50,2024-05-13 07:18:38,12,system,,,
149,Ludopolis s.r.o.,Slovensko,47619431,SK2024029755,2024029755,Bratislava - mestská časť Ružinov,82108,18074,Jégeho,b'\x01',14,Ostatné výdavky/Darčeky,2024-02-21 13:14:31,2024-02-22 00:53:15,12,system,,,
150,ECCO Retail (Slovakia) s. r. o.,Slovensko,46433678,SK2023379303,2023379303,Bratislava - mestská časť Staré Mesto,81103,5,Zochova,b'\x01',,Oblečenie a obuv/null,2024-02-23 11:30:33,2024-02-23 11:30:41,7,7,,,
151,Tomáš Haba - Rozličný tovar,Slovensko,55673325,SK1084070878,1084070878,Štefanov,90645,363,Štefanov,b'\x01',,Stravovanie/null,2024-02-23 11:34:24,2024-02-23 11:34:26,7,7,,,
152,"OIL Partner, s.r.o.",Slovensko,35715944,SK2020267172,2020267172,Bratislava - mestská časť Nové Mesto,83102,107,Račianska,b'\x01',A,Auto-moto/Servis,2024-02-23 17:29:52,2024-02-24 00:53:16,16,system,,,
153,"BAL TIP Slovakia, s.r.o.",Slovensko,36260428,SK2021816159,2021816159,Skalica,90901,2702,Dr.Clementisa,b'\x01',69,Zábava a oddych/null,2024-03-06 12:04:50,2024-03-06 12:05:01,7,7,,,
154,"ZABEZ, s.r.o.",Slovensko,50163230,SK2120194351,2120194351,Senica,90501,57,Robotnícka,b'\x01',19,Zdravie a osobná starostlivosť/null,2024-03-06 12:50:13,2024-03-06 12:50:24,7,7,,,
155,FAUN spol. s r.o.,Slovensko,31409385,SK2020376193,2020376193,Senica,90501,710,Štefánikova,b'\x01',67,Stravovanie/null,2024-03-06 12:50:28,2024-03-06 12:50:43,7,7,,,
156,Ferdinand Beňa,Slovensko,18041540,SK1020288159,1020288159,Senica,90501,5076,"Čáčov, Cyrila Gallaya",b'\x01',6,,2024-03-06 12:52:50,2024-03-06 12:52:50,7,7,,,
157,METRO Cash & Carry SR s. r. o.,Slovensko,45952671,SK2023150701,2023150701,Ivanka pri Dunaji,90028,1881,Senecká cesta,b'\x01',,Auto-moto/Pohonné hmoty,2024-03-18 10:39:03,2024-03-18 18:09:33,12,system,,,
158,Martin Hűbler - ŽELEZIARSTVO BIZAM,Slovensko,46748598,SK1043313326,1043313326,Stupava,90031,2466,Okružná,b'\x01',1,Bývanie a energie/null,2024-03-18 11:22:19,2024-03-18 11:22:22,7,7,,,
159,Melange s. r. o.,Slovensko,52364721,SK2120997648,2120997648,Bratislava - mestská časť Ružinov,82108,998,Kvačalova,b'\x01',22,Stravovanie/Reštaurácie a kaviarne,2024-03-18 11:33:58,2024-10-24 11:28:52,7,7,,,
160,"PRIMA 2000, s.r.o.",Slovensko,35782609,SK2020277490,2020277490,Bratislava - mestská časť Petržalka,85104,16,Panónska cesta,b'\x01',,Stravovanie/null,2024-03-18 13:29:00,2024-03-18 13:29:02,7,7,,,
161,"OKAY Slovakia, spol. s r.o.",Slovensko,35825979,SK2020237736,2020237736,Bratislava - mestská časť Petržalka,85101,1287,Černyševského,b'\x01',10,"Elektronika, komunikácia a média/null",2024-03-19 08:48:51,2024-03-19 08:49:50,11,11,,,
162,Automatic,,00000000,,,,,,,,,,2024-04-05 08:17:12,2024-04-05 08:17:12,12,12,,,
163,Takko Fashion Slovakia s. r. o.,Slovensko,44306661,SK2022687359,2022687359,Senec,90301,5,Dialničná cesta,b'\x01',,,2024-04-12 10:47:56,2024-04-12 10:47:56,5,5,,,
164,KVK - Domáce potreby s.r.o.,Slovensko,35879424,SK2021814344,2021814344,Bratislava - mestská časť Karlova Ves,84105,4,Pribišova,b'\x01',,Bývanie a energie/null,2024-04-18 06:54:44,2024-04-18 06:54:47,7,7,,,
165,Max Food SK s.r.o.,Slovensko,54145384,SK2121591670,2121591670,Bratislava - mestská časť Staré Mesto,81101,,Michalská,b'\x01',7,Stravovanie/null,2024-04-18 06:55:10,2024-04-18 06:55:17,7,7,,,
166,BAM - EKO a.s.,Slovensko,35815272,SK2020236669,2020236669,Bratislava - mestská časť Nové Mesto,83103,11,Hálkova,b'\x01',,Stravovanie/null,2024-04-23 14:32:13,2024-04-23 14:32:19,7,7,,,
167,"MAPET, spol. s r.o.",Slovensko,35741449,SK2021388402,2021388402,Bratislava - mestská časť Karlova Ves,84105,,Jamnického,b'\x01',18,Stravovanie/Reštaurácie a kaviarne,2024-04-26 06:28:31,2024-11-04 19:21:04,7,system,,,
168,"COOP Jednota Čadca, spotrebné družstvo",Slovensko,00168947,SK2020421194,2020421194,Čadca,02201,87,Palárikova,b'\x01',,,2024-04-26 06:29:20,2024-04-26 06:29:20,7,7,,,
169,Quintela Gastro s.r.o.,Slovensko,52477801,SK2121058489,2121058489,Bratislava - mestská časť Ružinov,82101,,Trnavská cesta,b'\x01',112A,Stravovanie/null,2024-04-26 06:33:25,2024-04-26 06:33:31,7,7,,,
170,NA ZDRAVIE s. r. o.,Slovensko,45939454,SK2023160645,2023160645,Bratislava - mestská časť Ružinov,82108,2,Levická,b'\x01',,Zdravie a osobná starostlivosť/null,2024-04-26 06:33:39,2024-04-26 06:33:43,7,7,,,
171,Douglas,,26766671,,,,,,,,,,2024-04-26 06:35:20,2024-04-26 06:35:20,7,7,,,
172,BRIGHT INVESTMENT GROUP s.r.o.,Slovensko,46953507,SK2023691857,2023691857,Bratislava - mestská časť Karlova Ves,84105,3125,Ľudovíta Fullu,b'\x01',36,Zábava a oddych/null,2024-04-26 06:37:42,2024-04-26 06:38:05,7,7,,,
173,"LA MODA, s.r.o.",Slovensko,45587850,SK2023065429,2023065429,Šaľa,92701,15,Diakovská cesta,b'\x01',,Oblečenie a obuv/null,2024-04-26 06:41:48,2024-04-26 06:41:58,7,7,,,
174,EKO-podnik verejnoprospešných služieb,Slovensko,00491870,SK2020887022,2020887022,Bratislava - mestská časť Nové Mesto,83290,20,Halašova,b'\x01',,,2024-04-26 06:42:13,2024-04-26 06:42:13,7,7,,,
175,"Bioaspa, spol. s r.o.",Slovensko,36240028,SK2020184298,2020184298,Kúty,90801,406,Hollého,b'\x01',,Stravovanie/Potraviny,2024-04-28 15:12:00,2024-05-13 19:18:38,7,system,,,
176,"Bombay Express Bratislava, s. r. o.",Slovensko,55426221,SK2121992862,2121992862,Bratislava - mestská časť Staré Mesto,81106,849,Tolstého,b'\x01',5,,2024-04-30 15:39:17,2024-04-30 15:39:17,7,7,,,
177,Včelco s.r.o.,Slovensko,36783455,SK2022385035,2022385035,Smolenice,91904,10A,Továrenská,b'\x01',,,2024-05-10 10:37:06,2024-05-10 10:37:06,7,7,,,
178,YOYOSO SK s. r. o.,Slovensko,54705525,SK2121790638,2121790638,Bratislava - mestská časť Nové Mesto,83104,17,Stará Vajnorská,b'\x01',,Zábava a oddych/Záľuby a šport,2024-05-10 10:37:32,2024-05-10 22:02:45,7,system,,,
179,"Predajne Malina, s.r.o.",Slovensko,56070110,SK2122175616,2122175616,Bratislava - mestská časť Petržalka,85101,,Haanova,b'\x00',46A,Stravovanie/Potraviny,2024-05-13 08:15:03,2024-09-17 19:20:20,7,system,,,
180,Gamma Root s. r. o.,Slovensko,54959055,SK2121834374,2121834374,Skalica,90901,1416,Vajanského,b'\x01',1,Stravovanie/Reštaurácie a kaviarne,2024-05-13 08:22:24,2024-09-30 12:51:49,7,7,,,
181,AGEL Clinic s. r. o.,Slovensko,45725381,SK7120001372,2023121496,Bratislava - mestská časť Ružinov,82108,8,Jelačičova,b'\x01',,Zdravie a osobná starostlivosť/Lekári a nemocnice,2024-05-14 10:17:17,2024-05-14 10:17:22,12,12,,,
182,"PHARMA CBC II, s.r.o.",Slovensko,36726494,SK2022324051,2022324051,Bratislava - mestská časť Staré Mesto,81105,54,Šancová,b'\x01',,Zdravie a osobná starostlivosť/Lieky a zdravotná starostlivosť,2024-05-28 05:54:53,2024-05-28 07:18:50,7,system,,,
183,TCHIBO SLOVENSKO spol. s r.o.,Slovensko,31335632,SK2020291273,2020291273,Bratislava - mestská časť Ružinov,82109,4,Prievozská,b'\x01',,Oblečenie a obuv/Móda,2024-05-28 05:55:26,2024-05-28 07:18:50,7,system,,,
184,OBI Slovakia s.r.o.,Slovensko,48258946,SK2120131651,2120131651,Bratislava - mestská časť Lamač,84103,25,Hodonínska,b'\x01',,Bývanie a energie/Vybavenie a doplnky,2024-05-28 05:58:58,2024-05-28 07:18:50,7,system,,,
185,Brandbq Slovensko s.r.o.,Slovensko,51967260,SK2120846706,2120846706,Banská Bystrica,97401,2,Námestie slobody,b'\x01',,Oblečenie a obuv/Móda,2024-05-28 06:02:47,2024-05-28 07:18:50,7,system,,,
186,PROVINO s.r.o.,Slovensko,35959134,SK2022072646,2022072646,Bratislava - mestská časť Petržalka,85101,12,Tyršovo nábrežie,b'\x01',,Stravovanie/Reštaurácie a kaviarne,2024-06-10 16:43:01,2024-06-10 19:18:59,7,system,,,
187,"VLR, s. r. o.",Slovensko,50708368,SK2120430818,2120430818,Bratislava - mestská časť Staré Mesto,81107,18,Mickiewiczova,b'\x01',,Stravovanie/Reštaurácie a kaviarne,2024-06-10 16:43:23,2024-09-17 17:20:46,7,7,,,
188,"Fakultná nemocnica s poliklinikou F.D.Roosevelta Banská Bystrica, štátna príspevková organizácia",Slovensko,00165549,SK2021095670,2021095670,Banská Bystrica,97517,1,Nám. L. Svobodu,b'\x01',,Cestovanie/Ubytovanie,2024-06-10 16:45:49,2024-06-10 19:18:59,7,system,,,
189,TELEKOM,,,,,,,,,,,,2024-06-11 11:40:14,2024-06-11 11:40:14,35,35,,,
190,OSBD,,,,,,,,,,,,2024-06-11 11:47:00,2024-06-11 11:47:00,35,35,,,
191,ZSE,,,,,,,,,,,,2024-06-11 11:47:40,2024-06-11 11:47:40,35,35,,,
192,Dražobná spol,,,,,,,,,,,,2024-06-11 11:49:29,2024-06-11 11:49:29,35,35,,,
193,"Lekáreň pri Budúcnosti, s.r.o.",Slovensko,36657905,SK7120000195,2022225062,Košice - mestská časť Juh,04011,,Moldavská cesta,b'\x01',8/A,Zdravie a osobná starostlivosť/Lieky a zdravotná starostlivosť,2024-06-17 10:30:31,2024-06-17 19:19:03,18,system,,,
194,Teta drogérie SR s. r.o.,Slovensko,35694254,SK2020340322,2020340322,Lužianky,95141,6,Hlohovecká,b'\x01',,Vreckové a výživné/Vreckové,2024-06-21 13:46:13,2024-06-21 19:19:07,19,system,,,
195,H & M Hennes & Mauritz SK s.r.o.,Slovensko,36718271,SK2022306858,2022306858,Bratislava - mestská časť Staré Mesto,81103,754,Zochova,b'\x01',6-8,Oblečenie a obuv/Móda,2024-06-21 18:42:26,2024-06-21 19:19:07,36,system,,,
196,"FAST PLUS, a.s.",Slovensko,35712783,SK2020227616,2020227616,Bratislava - mestská časť Ružinov,82107,90,Vlčie hrdlo,b'\x01',,"Elektronika, komunikácia a média/Elektronika",2024-06-22 10:44:15,2024-06-22 19:19:08,5,system,,,
197,Gastro Eurovea s. r. o.,Slovensko,45236381,SK2022913321,2022913321,Bratislava - mestská časť Staré Mesto,81109,,Pribinova,b'\x01',8,Stravovanie/Reštaurácie a kaviarne,2024-06-22 11:12:31,2024-06-22 19:19:08,7,system,,,
198,HRAVY s. r. o.,Slovensko,54726671,SK2121819931,2121819931,Bratislava - mestská časť Staré Mesto,81109,8,"Eurovea Central 1, Pribinova",b'\x01',,Zábava a oddych/Záľuby a šport,2024-06-22 18:09:16,2024-06-22 19:19:08,7,system,,,
199,"Baťa Slovensko, a.s.",Slovensko,34103015,SK2020385675,2020385675,Bratislava - mestská časť Staré Mesto,81106,16,Nám. SNP,b'\x01',,Oblečenie a obuv/Topánky,2024-06-22 18:10:25,2024-06-22 19:19:08,7,system,,,
200,"Trnka Gastronomy, spol. s r. o.",Slovensko,46241329,SK2023293052,2023293052,Bratislava - mestská časť Ružinov,82108,60,Záhradnícka,b'\x01',,Stravovanie/Potraviny,2024-06-22 18:10:43,2024-06-22 19:19:08,7,system,,,
201,"FAnn-parfumérie, s.r.o.",Slovensko,36049948,SK2020089522,2020089522,Banská Bystrica,97405,43,Sládkovičova,b'\x01',,Zdravie a osobná starostlivosť/Kozmetika a optika,2024-06-22 18:13:03,2024-06-22 19:19:08,7,system,,,
202,ProZeta s.r.o.,Slovensko,36739499,SK2022325998,2022325998,Bratislava - m. č. Podunajské Biskupice,82106,,Padlých hrdinov,b'\x01',24,Stravovanie/Reštaurácie a kaviarne,2024-06-23 13:12:51,2024-06-23 19:19:09,7,system,,,
203,Solitario s.r.o.,Slovensko,51220822,SK2120638080,2120638080,Bratislava - mestská časť Staré Mesto,81102,173,Hviezdoslavovo námestie,b'\x01',16,Stravovanie/Potraviny,2024-06-24 17:48:25,2024-06-24 19:19:10,7,system,,,
204,"Quang Minh Vu, podnik zahraničnej osoby",Slovensko,51410516,SK3120529049,3120529049,Bratislava-Ružinov,82101,775,Nezábudková,b'\x01',5,,2024-06-24 17:49:01,2024-09-17 17:49:18,7,7,,,
205,EDO-KIN GROUP s. r. o.,Slovensko,46988882,SK2023704199,2023704199,Bratislava - mestská časť Vrakuňa,82107,25,Ráztočná,b'\x01',,Stravovanie/Reštaurácie a kaviarne,2024-06-24 17:49:15,2024-06-24 17:49:29,7,7,,,
206,Notár,Slovensko,42415209,SK1079623501,1079623501,Bratislava,83104,,Stará Vajnorská,b'\x01',8,Nezatriedené výdavky/null,2024-06-28 13:12:23,2024-06-28 19:19:13,37,system,,,
207,R&M Košice s.r.o.,Slovensko,46811397,SK2023591020,2023591020,Košice - mestská časť Staré Mesto,04001,6,Bočná,b'\x01',,Stravovanie/Reštaurácie a kaviarne,2024-06-29 17:05:58,2024-06-29 19:19:14,7,system,,,
208,Vychodoslovenske muzeum v KE,,31297803,,,,,,,,,,2024-06-29 17:06:57,2024-06-29 17:06:57,7,7,,,
209,KAFEHAUS s.r.o.,Slovensko,44620667,SK2022770024,2022770024,Banská Bystrica,97401,16,Na Troskách,b'\x01',,Stravovanie/Reštaurácie a kaviarne,2024-07-03 10:19:32,2024-07-03 10:19:38,5,5,,,
210,"Dr.Max 138 T, s.r.o.",Slovensko,47806729,SK7120000195,2024109703,Košice - mestská časť Juh,04011,8,Moldavská cesta,b'\x01',A,Zdravie a osobná starostlivosť/Lieky a zdravotná starostlivosť,2024-07-09 19:51:57,2024-07-10 07:19:21,5,system,,,
211,JZ Pharma s.r.o.,Slovensko,48290998,SK2120135831,2120135831,Miloslavov,90042,1478,Kukučínova ulica,b'\x01',30,Zdravie a osobná starostlivosť/Lieky a zdravotná starostlivosť,2024-07-16 16:10:17,2024-07-16 19:19:25,36,system,,,
212,Spp,,,,,,,,,,,,2024-07-17 07:54:04,2024-07-17 07:54:04,35,35,,,
213,Ing. Juraj Nádaský,Slovensko,35267763,SK1020135622,1020135622,Senec,90301,8,Liptovská,b'\x01',,Zábava a oddych/Trafika,2024-07-19 06:15:18,2024-07-19 07:19:28,19,system,,,
214,Správa cestovného ruchu Senec s. r. o.,Slovensko,44537476,SK2022742293,2022742293,Senec,90301,53,Námestie 1. mája,b'\x01',4,Zábava a oddych/Ostatné - Oddych a záľuby,2024-07-19 06:15:44,2024-07-19 06:15:51,19,19,,,
215,Potten & Pannen - Staněk s.r.o.,Slovensko,35966165,SK2022094393,2022094393,Bratislava - mestská časť Nové Mesto,83104,,Trnavská cesta,b'\x01',49,Bývanie a energie/Vybavenie a doplnky,2024-07-19 06:17:04,2024-07-19 07:19:28,19,system,,,
216,"Jánošík - NEA, s.r.o.",Slovensko,52136825,SK2120918690,2120918690,Bratislava - mestská časť Dúbravka,84101,27,kpt. Jána Rašu,b'\x01',,Auto-moto/Pohonné hmoty,2024-07-19 06:17:27,2024-07-19 07:19:28,19,system,,,
217,JVS GROUP s.r.o.,Česká republika,25865005,SK4020369859,4020369859,"Ostrava, Poruba",70800,1333,Sokolovská,b'\x01',45,Oblečenie a obuv/Móda,2024-07-22 06:53:29,2024-07-22 07:19:30,19,system,,,
218,"POST servis, s. r. o.",Slovensko,31328245,SK2020316903,2020316903,Senec,90301,2,Turecká,b'\x01',E,Stravovanie/Potraviny,2024-07-22 06:54:30,2024-07-22 06:54:37,19,19,,,
219,"BAUHAUS odborné centrum pre dielňu, dom a záhradu k. s.",Slovensko,47794437,SK2024097856,2024097856,Bratislava - mestská časť Ružinov,82104,1,Pri letisku,b'\x01',,Bývanie a energie/Vybavenie a doplnky,2024-07-22 11:11:15,2024-07-22 19:19:30,18,system,,,
220,"BAD, s.r.o.",Slovensko,31631045,SK2021105251,2021105251,Sliač,96231,,Letecká,b'\x01',19,Stravovanie/Ostatné - Strava a potraviny,2024-07-22 11:13:36,2024-07-22 19:19:30,18,system,,,
221,TEDi Betriebs s. r. o.,Slovensko,46919872,SK2023659528,2023659528,Bratislava - mestská časť Ružinov,82104,,Cesta na Senec,b'\x01',2/A,Bývanie a energie/Vybavenie a doplnky,2024-07-22 18:04:53,2024-07-22 19:19:30,36,system,,,
222,"Feel good, s.r.o.",Slovensko,47022892,SK2023695135,2023695135,Bratislava - mestská časť Ružinov,82101,23,Tomášikova,b'\x01',,Zdravie a osobná starostlivosť/Kozmetika a optika,2024-07-24 07:51:47,2024-07-24 19:19:31,19,system,,,
223,Team Up s. r. o.,Slovensko,50243411,SK2120248878,2120248878,Bratislava - mestská časť Staré Mesto,81102,26,Na kopci,b'\x01',,Zábava a oddych/Zábava,2024-07-26 17:11:50,2024-07-26 19:19:33,7,system,,,
224,"MUNIŠI-Group, s.r.o.",Slovensko,52108694,SK2121141781,2121141781,Bratislava - mestská časť Nové Mesto,83103,10896,Tomášikova,b'\x01',,Stravovanie/Reštaurácie a kaviarne,2024-07-26 17:12:08,2024-07-26 19:19:33,7,system,,,
225,Galaxia VR s.r.o.,Slovensko,51984423,SK2120849445,2120849445,Miloslavov,90042,571,Alžbetin Dvor,b'\x01',,Zábava a oddych/Záľuby a šport,2024-07-26 17:12:21,2024-07-26 19:19:33,7,system,,,
226,XLSK Nábytok s. r. o.,Slovensko,35883103,SK2021829260,2021829260,Bratislava - mestská časť Ružinov,82104,,Galvaniho,b'\x01',11,Bývanie a energie/Vybavenie a doplnky,2024-07-27 15:42:56,2024-07-27 19:19:34,36,system,,,
227,"VILLAGE DEVELOPMENT, s.r.o.",Slovensko,36612057,SK2022208782,2022208782,Dunajská Streda,92901,2a,Mlynská,b'\x01',/4629,Zábava a oddych/Ostatné - Oddych a záľuby,2024-08-01 16:23:56,2024-08-01 19:19:39,36,system,,,
228,Brew Bar,,,,,,,,,,,,2024-08-12 11:24:08,2024-08-12 11:24:08,13,13,,,
229,"EUROCOM Investment, s.r.o.",Slovensko,35756985,SK2021394969,2021394969,Bešeňová,03483,136,Bešeňová,b'\x01',,,2024-08-12 18:18:47,2024-08-12 18:18:47,21,21,,,
230,TomiLand s. r. o.,Slovensko,46677879,SK2023515406,2023515406,Bratislava - mestská časť Nové Mesto,83101,45,Vajnorská,b'\x01',,Vzdelanie/Kurzy a doučovanie,2024-08-12 18:19:43,2024-08-13 05:03:28,21,21,,,
231,Irin s. r. o.,Slovensko,53883349,SK2121527496,2121527496,Bratislava - mestská časť Staré Mesto,81103,7457,Podjavorinskej,b'\x00',4A,Stravovanie/Reštaurácie a kaviarne,2024-09-17 17:18:35,2024-09-17 17:18:37,7,7,,,
232,"ADJ, a. s.",Slovensko,51007002,SK2120558088,2120558088,Bratislava - mestská časť Staré Mesto,81109,71,Grösslingová,b'\x01',,Stravovanie/Reštaurácie a kaviarne,2024-09-17 17:28:06,2024-09-17 19:20:20,7,system,,,
233,NAY a.s.,Slovensko,35739487,SK2020270186,2020270186,Bratislava - mestská časť Vajnory,83006,15,Tuhovská,b'\x01',,"Elektronika, komunikácia a média/Elektronika",2024-09-17 17:29:01,2024-09-17 19:20:20,7,system,,,
234,Tiger Stores Slovakia s. r. o.,Slovensko,46924469,SK2023669868,2023669868,Bratislava - mestská časť Staré Mesto,81106,43-49,Obchodná,b'\x01',,Zábava a oddych/Hry a hračky,2024-09-17 17:33:37,2024-09-17 19:20:20,7,system,,,
235,Ernest Ravasz,Slovensko,37230816,SK1034950268,1034950268,Jelka,92523,1098,Školská,b'\x01',93,Stravovanie/Reštaurácie a kaviarne,2024-09-17 17:36:00,2024-09-17 17:36:08,7,7,,,
236,"be PARTY, s. r. o.",Slovensko,55533566,,2122020835,Bratislava - mestská časť Nové Mesto,83101,2867,Jelšová,b'\x00',3,Zábava a oddych/Zábava,2024-09-17 17:37:40,2024-09-17 19:20:20,7,system,,,
237,RNDr.Alžbeta Gábrišová-Lekáreň Pokrok,Slovensko,31788891,SK1037274810,1037274810,Bratislava - mestská časť Nové Mesto,83102,10990,Račianske mýto,b'\x01',1D,Zdravie a osobná starostlivosť/Lieky a zdravotná starostlivosť,2024-09-17 17:39:30,2024-09-17 19:20:20,7,system,,,
238,"LEON BA, s. r. o.",Slovensko,53066669,SK2121263221,2121263221,Bratislava - mestská časť Staré Mesto,81109,50,Grösslingova,b'\x01',,Stravovanie/Reštaurácie a kaviarne,2024-09-17 17:42:28,2024-09-17 17:42:39,7,7,,,
239,"FIDENZA, spol. s r.o.",Slovensko,31618618,,2020530116,Kremnica,96701,13,Štefánikovo nám.,b'\x00',25,Stravovanie/Reštaurácie a kaviarne,2024-09-17 17:43:51,2024-09-17 17:43:55,7,7,,,
240,"Mincovňa Kremnica, štátny podnik",Slovensko,00010448,SK2020453479,2020453479,Kremnica,96701,25,Štefánikovo nám.,b'\x01',24,Zábava a oddych/Zábava,2024-09-17 17:44:01,2024-09-17 19:20:20,7,system,,,
241,DH Gastronomy s. r. o.,Slovensko,55333672,SK2121954098,2121954098,Kráľová pri Senci,90050,,Kráľová pri Senci,b'\x01',399,,2024-09-17 17:45:19,2024-09-17 17:45:19,7,7,,,
242,Koshi Sushi s.r.o.,Slovensko,46288481,SK2023328945,2023328945,Košice - mestská časť Vyšné Opátske,04001,2776,Jelšová,b'\x01',18,,2024-09-17 17:45:38,2024-09-17 17:45:38,7,7,,,
243,Ko.Ma.Co-sk s.r.o,Slovensko,47147695,SK2023768593,2023768593,Modra,90001,136,Šúrska,b'\x01',A,Stravovanie/Potraviny,2024-09-17 17:47:49,2024-09-17 19:20:20,7,system,,,
244,"M.K.M. TRADING, spol. s r.o.",Slovensko,17331463,SK2020342951,2020342951,Bratislava - mestská časť Karlova Ves,84105,,Šaštínska,b'\x01',28,Cestovanie/Ubytovanie,2024-09-17 17:49:35,2024-09-17 19:20:20,7,system,,,
245,FondaCake s.r.o.,Slovensko,47450681,SK2023904872,2023904872,Bratislava - m. č. Podunajské Biskupice,82106,12132,Podzáhradná,b'\x01',100,Stravovanie/Reštaurácie a kaviarne,2024-09-29 10:34:22,2024-09-29 19:20:30,21,system,,,
246,Mini potraviny Stanica s.r.o.,Slovensko,53372689,SK7120001801,2121360560,Košice - mestská časť Staré Mesto,04001,13,Bencúrova,b'\x01',,Stravovanie/Potraviny,2024-09-30 12:49:07,2024-09-30 19:20:31,7,system,,,
247,"Majolika-R, s. r. o.",Slovensko,53559711,SK2121427187,2121427187,Pezinok,90203,5562,Vinice,b'\x01',3,Stravovanie/Reštaurácie a kaviarne,2024-09-30 12:50:15,2024-09-30 19:20:31,7,system,,,
248,"TAURIS, a.s.",Slovensko,36773123,SK2022368733,2022368733,Rimavská Sobota,97901,6,Potravinárska,b'\x01',,Stravovanie/Potraviny,2024-09-30 12:52:41,2024-09-30 19:20:31,7,system,,,
249,Mgr. Tatiana Holečková - SLOVAK FOLK TRAVEL,Slovensko,44509481,SK1073829229,1073829229,Kremnické Bane,96701,30,Kremnické Bane,b'\x01',,Zábava a oddych/Záľuby a šport,2024-09-30 12:55:06,2024-09-30 19:20:31,7,system,,,
250,"Oliver-SK, s. r. o.",Slovensko,56255098,SK2122255916,2122255916,Modra,90001,,Dukelská,b'\x00',4,Cestovanie/Ubytovanie,2024-09-30 12:55:36,2024-09-30 19:20:31,7,system,,,
251,"BENZINOIL, spol. s r. o.",Slovensko,52275451,SK2120963834,2120963834,Kremnica,96701,73,Dolná,b'\x01',14,Auto-moto/Pohonné hmoty,2024-09-30 12:56:04,2024-09-30 19:20:31,7,system,,,
252,DENTAL X-RAY s. r. o.,Slovensko,46731997,,2023536438,Bratislava - mestská časť Jarovce,85110,5,Smaragdová,b'\x00',580,Zdravie a osobná starostlivosť/Lieky a zdravotná starostlivosť,2024-09-30 12:56:22,2024-09-30 19:20:31,7,system,,,
253,alsima s.r.o.,Slovensko,47782609,SK2024091817,2024091817,Turčianske Teplice,03901,898,Teplická,b'\x01',30,Stravovanie/Reštaurácie a kaviarne,2024-09-30 12:57:21,2024-09-30 19:20:31,7,system,,,
254,"ELEKTROSPED, a. s.",Slovensko,35765038,SK2020244050,2020244050,Senec,90301,6015,Diaľničná cesta,b'\x01',12A,Bývanie a energie/Vybavenie a doplnky,2024-09-30 13:02:19,2024-09-30 19:20:31,7,system,,,
255,CLAUDE s.r.o.,Slovensko,36778486,SK7120001801,2022376862,Košice - mestská časť Staré Mesto,04001,11,Staničné námestie,b'\x01',,Stravovanie/Reštaurácie a kaviarne,2024-09-30 13:04:03,2024-09-30 19:20:31,7,system,,,
256,"K&K Pharmacy VII., s. r. o.",Slovensko,48275778,SK2120133873,2120133873,Bratislava - mestská časť Staré Mesto,81109,14,Pribinova,b'\x01',,Zdravie a osobná starostlivosť/Lieky a zdravotná starostlivosť,2024-09-30 13:04:52,2024-09-30 19:20:31,7,system,,,
257,NÁRODNÁ BANKA SLOVENSKA,Slovensko,30844789,SK2020815654,2020815654,Bratislava - mestská časť Staré Mesto,81325,1,Imricha Karvaša,b'\x01',,Zábava a oddych/Záľuby a šport,2024-09-30 13:05:36,2024-09-30 19:20:31,7,system,,,
258,Ing. Jozef Haurík - Medovnikárstvo,Slovensko,10931317,SK1020621591,1020621591,Kremnica,96701,720,Ulica Jurka Langsfelda,b'\x01',8,Stravovanie/Potraviny,2024-09-30 13:05:55,2024-09-30 19:20:31,7,system,,,
259,Tomáš Valkay,Slovensko,46381732,SK1084309600,1084309600,Košice - mestská časť Staré Mesto,04001,938,Vodná,b'\x01',2,Stravovanie/Reštaurácie a kaviarne,2024-09-30 13:07:05,2024-09-30 13:07:13,7,7,,,
260,"Spusta Café StM, s. r. o.",Slovensko,35803568,SK2020235569,2020235569,Bratislava - mestská časť Petržalka,85101,6,Pifflova,b'\x01',,Stravovanie/Reštaurácie a kaviarne,2024-09-30 13:07:32,2024-09-30 13:07:40,7,7,,,
261,GELATO KOŠICE s.r.o.,Slovensko,53462564,SK2121377654,2121377654,Košice - mestská časť Staré Mesto,04001,113,Hlavná,b'\x01',21,,2024-09-30 13:08:29,2024-09-30 13:08:29,7,7,,,
262,Primark Slovakia s. r. o.,Slovensko,50611933,SK2120394188,2120394188,Bratislava - mestská časť Staré Mesto,81103,3,Staromestská,b'\x01',,Oblečenie a obuv/Topánky,2024-10-15 19:19:04,2024-10-15 19:20:45,21,system,,,
263,Bistro St. Germain s. r. o.,Slovensko,45545642,SK2023035575,2023035575,Bratislava - mestská časť Staré Mesto,81108,7,Rajská,b'\x01',,,2024-10-24 11:19:00,2024-10-24 11:19:00,7,7,,,
264,Arton Djeladini,Slovensko,47612614,SK3021311997,3021311997,Senica,90501,7,Námestie oslobodenia,b'\x01',24,Stravovanie/Reštaurácie a kaviarne,2024-10-24 11:22:42,2024-10-24 11:22:46,7,7,,,
265,Alza.sk s. r. o.,Slovensko,36562939,SK2021863811,2021863811,Bratislava - mestská časť Nové Mesto,83102,1D,Sliačska,b'\x01',,Stravovanie/Potraviny,2024-10-24 11:27:11,2024-10-24 19:20:53,7,system,,,
266,Sport & Art spol.s r.o.,Slovensko,35689064,SK2020323525,2020323525,Bratislava - mestská časť Ružinov,82101,49,Zálužická,b'\x01',,Stravovanie/Reštaurácie a kaviarne,2024-10-24 11:27:39,2024-10-24 11:27:44,7,7,,,
267,FaxCopy a.s.,Slovensko,35729040,SK7020000130,2020242070,Bratislava - mestská časť Ružinov,82105,15,Domkárska,b'\x01',,Vzdelanie/Učebnice a školské potreby,2024-10-24 11:29:26,2024-10-24 19:20:53,7,system,,,
268,Kultúrne a informačné centrum mesta Kremnica,Slovensko,37999095,SK2022061921,2022061921,Kremnica,96701,35,Štefánikovo námestie,b'\x01',44,Stravovanie/Potraviny,2024-10-24 11:37:21,2024-10-24 19:20:53,7,system,,,
269,MB BH s.r.o.,Slovensko,55977596,SK2122153660,2122153660,Košice - mestská časť Barca,04017,28,Pri Pošte,b'\x00',8,Stravovanie/Reštaurácie a kaviarne,2024-10-24 11:40:04,2024-10-24 19:20:53,7,system,,,
270,TESCOMA s.r.o.,Slovensko,31343988,SK2020441654,2020441654,Púchov,02001,1495,Nimnická cesta,b'\x01',21,Ostatné výdavky/Darčeky,2024-10-24 11:40:21,2024-10-24 19:20:53,7,system,,,
271,"APIMEX, spol. s r.o.",Slovensko,34108530,SK2020373113,2020373113,Veľké Úľany,92522,586,Hlavná,b'\x01',,,2024-11-04 07:47:56,2024-11-04 07:47:56,7,7,,,
272,DEICHMANN-OBUV SK s.r.o.,Slovensko,35898933,SK2021876461,2021876461,Dunajská Streda,92901,1, ulica Logistického parku,b'\x01',,Oblečenie a obuv/Topánky,2024-11-04 07:48:33,2024-11-04 19:21:04,7,system,,,
273,"ASIAN VIEW, s. r. o.",Slovensko,45334528,SK2022948895,2022948895,Bratislava - mestská časť Karlova Ves,84105,5,Jamnického,b'\x01',,Stravovanie/Reštaurácie a kaviarne,2024-11-04 07:48:51,2024-11-04 19:21:04,7,system,,,
274,Liasam s.r.o.,Slovensko,52210430,SK2120952240,2120952240,Bratislava - mestská časť Staré Mesto,81103,9,Svoradova,b'\x01',,Oblečenie a obuv/Móda,2024-11-04 07:49:03,2024-11-04 19:21:04,7,system,,,
275,"SULIS, s.r.o.",Slovensko,35914734,,2021931747,Bratislava - mestská časť Karlova Ves,84105,36,Majerníkova,b'\x00',,Zdravie a osobná starostlivosť/Lekári a nemocnice,2024-11-04 07:52:05,2024-11-04 19:21:04,7,system,,,
276,"CP, s.r.o.",Slovensko,36497592,SK2021878166,2021878166,Prešov,08001,16,Masarykova,b'\x01',,Auto-moto/Parkovanie,2024-11-05 18:47:18,2024-11-05 19:21:05,40,system,,,
277,Tu Anh Tran,Slovensko,43496229,SK1078447392,1078447392,Košice - mestská časť Sídlisko KVP,04023,1285,Húskova,b'\x01',21,Oblečenie a obuv/null,2024-11-06 13:30:55,2024-11-06 19:21:06,42,system,,,
